dlau98, royceho, shami_bookworm, bizcom a, None
sujunx, llaama, kkayleighh, bizcom a, None
jedaiah_joel, antheayeet, angelyipp, bizcom a, None
olivergui, stephanie_tmz, shanniceeeee, bizcom a, None
jollibean, jodertan, mxnghui, bizcom a, None
wilfredbtan, heleneyong, ooawagaeri24, bizcom a, None
oshnic, bethtmm, ayelmao, bizcom a, None
pinkykok, hansebeast, andrelimwj, bizcom a, None
graceliau, None, None, bizcom a, None
kalathywonga, charmainesonggg, matthias_tan, bizcom a, None
clariswan, lyyychee, valalaa, bizcom a, None
evedaktyl, kelvintwm, celkxh, bizcom a, None
hananchoong, jeweljace, rena_ele, bizcom b, 131189243
royceho, picoyap, dlau98, bizcom b, None
hansebeast, matthias_tan, pinkykok, bizcom b, None
lyyychee, martodavelle, clariswan, bizcom b, 55727611
antheayeet, shuteokk, jedaiah_joel, bizcom b, None
evanwater, ayesaac, sneakkysalmon, bizcom b, None
enyaaa, jiayouyufang, matthias_oh, bizcom b, None
ednaleong, loocurse, bethtmm, bizcom b, None
andrelimwj, pinkykok, stephanie_tmz, bizcom b, None
kelizaaaaa, charleneegoh, yearayy, bizcom b, None
sylviagoh, calebchoke, tammygenevieve, bizcom b, None
kkayleighh, sujunx, joshlhh, bizcom b, None
vanessawows, celkxh, jiayouyufang, bizcom b, None
shanniceeeee, olivergui, lynnette, bizcom b, None
nickchoe, junhao1511, daenold, bizcom b, None
ooawagaeri24, wilfredbtan, philosophiey, bizcom c, None
shuteokk, matthias_oh, antheayeet, bizcom c, None
charmainesonggg, philosophiey, kalathywonga, bizcom c, None
igez5, peanutbutterjellysandwich, junhao1511, bizcom c, None
kitkait, sarahlsl, heyits_acelyn, bizcom c, None
jmelim27, joshlhh, ayesaac, bizcom c, None
daenold, nickchoe, tamtamtumz, bizcom c, None
annoraaa, chrmlee, calebchoke, bizcom c, None
llaama, heyits_acelyn, sujunx, bizcom d, None
chrmlee, drdrang, annoraaa, bizcom d, None
lynnette, shanniceeeee, jeweljace, bizcom d, None
matthias_tan, kalathywonga, hansebeast, bizcom d, None
rena_ele, hananchoong, picoyap, bizcom d, None
mxnghui, jollibean, sarahlsl, bizcom d, None
yowkebedd, shabbyllama, absssolutely, bizcom d, None
stephanie_tmz, andrelimwj, olivergui, bizcom d, None
davidcwh, jolenetannnn, limmikiko, bizcom d, None
ayesaac, jmelim27, evanwater, bizcom d, None
carmensje, sneakkysalmon, heleneyong, bizcom d, None
ayelmao, oshnic, hydeee06, bizcom d, None
junhao1511, igez5, nickchoe, arts a, None
calebchoke, annoraaa, sylviagoh, arts a, None
bethtmm, ednaleong, oshnic, arts a, None
peanutbutterjellysandwich, chelseaaay, igez5, arts a, None
jolenetannnn, valalaa, davidcwh, arts a, None
shami_bookworm, dlau98, ama12345678, arts a, None
shabbyllama, limmikiko, yowkebedd, arts a, None
yinimini, hydeee06, charleneegoh, arts a, None
loocurse, debbie1209, ednaleong, arts a, None
martodavelle, ama12345678, lyyychee, arts b, None
heyits_acelyn, kitkait, llaama, arts b, None
heleneyong, carmensje, wilfredbtan, arts b, None
limmikiko, davidcwh, shabbyllama, arts b, None
matthias_oh, enyaaa, shuteokk, arts b, None
joshlhh, kkayleighh, jmelim27, arts b, None
philosophiey, ooawagaeri24, charmainesonggg, arts b, None
yearayy, kelizaaaaa, drdrang, arts b, None
picoyap, rena_ele, royceho, arts b, None
jeweljace, lynnette, hananchoong, arts b, None
sarahlsl, mxnghui, kitkait, arts b, None
jodertan, tammygenevieve, jollibean, arts c, None
charleneegoh, yinimini, kelizaaaaa, arts c, None
ashlynnsiowwx, tamtamtumz, kelvintwm, arts c, None
hydeee06, ayelmao, yinimini, arts c, None
jiayouyufang, vanessawows, enyaaa, arts c, None
angelyipp, jedaiah_joel, debbie1209, arts c, None
drdrang, yearayy, chrmlee, arts c, None
ama12345678, shami_bookworm, martodavelle, arts d, None
sneakkysalmon, evanwater, carmensje, arts d, None
debbie1209, angelyipp, loocurse, arts d, None
valalaa, clariswan, jolenetannnn, arts d, None
celkxh, evedaktyl, vanessawows, arts d, None
tamtamtumz, daenold, ashlynnsiowwx, arts d, None
tammygenevieve, sylviagoh, jodertan, arts d, None
chelseaaay, absssolutely, peanutbutterjellysandwich, arts d, None
kelvintwm, ashlynnsiowwx, evedaktyl, overseer, None
absssolutely, yowkebedd, chelseaaay, overseer, None
